Source,Firm,URL,Business Sector 1,State Or County,Country
https://bridalresources.com/,Hallenstein Brothers,https://www.hallensteins.com/suits,https://bridalresources.com/New_Zealand/Waikato/Wedding_Suits/,Waikato,New Zealand
https://bridalresources.com/,Dorset Suits,https://www.dorsetsuithire.co.nz/,https://bridalresources.com/New_Zealand/Waikato/Wedding_Suits/,Waikato,New Zealand
https://bridalresources.com/,Dorset Suits,https://www.facebook.com/dorsetsuits/,https://bridalresources.com/New_Zealand/Waikato/Wedding_Suits/,Waikato,New Zealand
https://bridalresources.com/,The Hall Boutique Venue,https://www.thehall.co.nz/,https://bridalresources.com/New_Zealand/Waikato/Venues/,Waikato,New Zealand
https://bridalresources.com/,Baptist Churches of New Zealand,https://baptist.nz/our-team/find-a-local-church/,https://bridalresources.com/New_Zealand/Waikato/Venues/,Waikato,New Zealand
https://bridalresources.com/,Moondance Manor Gardens,http://www.moondance.co.nz/,https://bridalresources.com/New_Zealand/Waikato/Venues/,Waikato,New Zealand
https://bridalresources.com/,Hamilton Gardens,https://hamiltongardens.co.nz/weddings/,https://bridalresources.com/New_Zealand/Waikato/Venues/,Waikato,New Zealand
https://bridalresources.com/,Tangiaro Kiwi Retreat Coromandel,http://www.kiwiretreat.co.nz/weddings.html,https://bridalresources.com/New_Zealand/Waikato/Venues/,Waikato,New Zealand
https://bridalresources.com/,Hilton Lake Taupo,https://www.hilton.com/en/hotels/akllthi-hilton-lake-taupo/,https://bridalresources.com/New_Zealand/Waikato/Venues/,Waikato,New Zealand
https://bridalresources.com/,Rosenvale,https://www.rosenvale.co.nz/,https://bridalresources.com/New_Zealand/Waikato/Venues/,Waikato,New Zealand
https://bridalresources.com/,The Henley,https://thehenley.co.nz/,https://bridalresources.com/New_Zealand/Waikato/Venues/,Waikato,New Zealand
https://bridalresources.com/,"Anglican Church in Aotearoa, New Zealand and Polynesia",https://www.anglican.org.nz/,https://bridalresources.com/New_Zealand/Waikato/Venues/,Waikato,New Zealand
https://bridalresources.com/,Gails of Tamahere,https://www.gailstamahere.co.nz/,https://bridalresources.com/New_Zealand/Waikato/Venues/,Waikato,New Zealand
https://bridalresources.com/,The Grandstand,https://claudelands.co.nz/spaces/our-spaces/venues/the-grandstand/,https://bridalresources.com/New_Zealand/Waikato/Venues/,Waikato,New Zealand
https://bridalresources.com/,Woodside Estate,https://www.woodsideestate.co.nz/,https://bridalresources.com/New_Zealand/Waikato/Venues/,Waikato,New Zealand
https://bridalresources.com/,Oreti Village Resort,https://www.oretivillage.com/weddings/,https://bridalresources.com/New_Zealand/Waikato/Venues/,Waikato,New Zealand
https://bridalresources.com/,The Boatshed,https://theboatshedkarapiro.co.nz/weddings/,https://bridalresources.com/New_Zealand/Waikato/Venues/,Waikato,New Zealand
https://bridalresources.com/,Churches in New Zealand,https://canz.co.nz/towns/view/Auckland+City/churches,https://bridalresources.com/New_Zealand/Waikato/Venues/,Waikato,New Zealand
https://bridalresources.com/,Waikato Wedding Expo,https://www.weddingexpo.net.nz/,https://bridalresources.com/New_Zealand/Waikato/Wedding_Shows/,Waikato,New Zealand
https://bridalresources.com/,Moreland Fabrics,https://morelandfabrics.co.nz/,https://bridalresources.com/New_Zealand/Waikato/Specialties/,Waikato,New Zealand
https://bridalresources.com/,Bras N Things,https://www.brasnthings.com/,https://bridalresources.com/New_Zealand/Waikato/Specialties/,Waikato,New Zealand
https://bridalresources.com/,My Wedding Store,https://www.myweddingstore.co.nz/,https://bridalresources.com/New_Zealand/Waikato/Specialties/,Waikato,New Zealand
https://bridalresources.com/,Gordon Harris,https://www.gordonharris.co.nz/,https://bridalresources.com/New_Zealand/Waikato/Specialties/,Waikato,New Zealand
https://bridalresources.com/,Karapiro Charters & Tours,https://karapirocharters.co.nz/,https://bridalresources.com/New_Zealand/Waikato/Wedding_Cars/,Waikato,New Zealand
https://bridalresources.com/,Just Jags Wedding Car Hire,http://www.justjags.co.nz/,https://bridalresources.com/New_Zealand/Waikato/Wedding_Cars/,Waikato,New Zealand
https://bridalresources.com/,1928 Hudson Hire,https://www.hudsonhire.co.nz/,https://bridalresources.com/New_Zealand/Waikato/Wedding_Cars/,Waikato,New Zealand
https://bridalresources.com/,Pirongia Clydesdales,https://www.facebook.com/PirongiaClydesdales,https://bridalresources.com/New_Zealand/Waikato/Wedding_Cars/,Waikato,New Zealand
https://bridalresources.com/,The Boutique Teepee Co.,https://www.boutiqueteepees.co.nz/,https://bridalresources.com/New_Zealand/Waikato/Planners/,Waikato,New Zealand
https://bridalresources.com/,Celebrant by the Sea,https://www.sunlover.co.nz/weddings,https://bridalresources.com/New_Zealand/Waikato/Planners/,Waikato,New Zealand
https://bridalresources.com/,Beach Weddings,https://www.beachweddings.co.nz/,https://bridalresources.com/New_Zealand/Waikato/Planners/,Waikato,New Zealand
https://bridalresources.com/,Amy Bell Photography,https://amybellphotography.co.nz/,https://bridalresources.com/New_Zealand/Waikato/Photo_Video/,Waikato,New Zealand
https://bridalresources.com/,Cornege Photography,https://cornegephotography.shootproof.com/,https://bridalresources.com/New_Zealand/Waikato/Photo_Video/,Waikato,New Zealand
https://bridalresources.com/,Anika Ann Photography,https://www.anikaannphotography.com/,https://bridalresources.com/New_Zealand/Waikato/Photo_Video/,Waikato,New Zealand
https://bridalresources.com/,Leah Hoskin Photography,https://www.leahhoskinphotography.co.nz/,https://bridalresources.com/New_Zealand/Waikato/Photo_Video/,Waikato,New Zealand
https://bridalresources.com/,MDF Videoing Specialists,http://www.mdfvideos.co.nz/,https://bridalresources.com/New_Zealand/Waikato/Photo_Video/,Waikato,New Zealand
https://bridalresources.com/,Mainly Weddings Photography,http://mainlyweddingsphotography.co.nz/,https://bridalresources.com/New_Zealand/Waikato/Photo_Video/,Waikato,New Zealand
https://bridalresources.com/,Carlton Party Hire,https://carltonpartyhire.co.nz/,https://bridalresources.com/New_Zealand/Waikato/Party_Hire/,Waikato,New Zealand
https://bridalresources.com/,Vivid Event Production,https://vividcollective.nz/,https://bridalresources.com/New_Zealand/Waikato/Party_Hire/,Waikato,New Zealand
https://bridalresources.com/,Eventrent,https://www.eventrent.co.nz/,https://bridalresources.com/New_Zealand/Waikato/Party_Hire/,Waikato,New Zealand
https://bridalresources.com/,Love Club Hire,https://www.loveclubhire.co.nz/,https://bridalresources.com/New_Zealand/Waikato/Party_Hire/,Waikato,New Zealand
https://bridalresources.com/,TSH,https://www.tsh.co.nz/,https://bridalresources.com/New_Zealand/Waikato/Party_Hire/,Waikato,New Zealand
https://bridalresources.com/,X-Site Marquee Hire,https://www.x-site.co.nz/weddings.html,https://bridalresources.com/New_Zealand/Waikato/Party_Hire/,Waikato,New Zealand
https://bridalresources.com/,Peninsula Party Hire,https://peninsulapartyhire.co.nz/,https://bridalresources.com/New_Zealand/Waikato/Party_Hire/,Waikato,New Zealand
https://bridalresources.com/,Sheet Music Plus: Wedding Music,https://www.sheetmusicplus.com/genres/wedding-sheet-music/700196?aff_id=67615,https://bridalresources.com/New_Zealand/Waikato/Music/,Waikato,New Zealand
https://bridalresources.com/,Vivid Event Production,https://vividcollective.nz/,https://bridalresources.com/New_Zealand/Waikato/Music/,Waikato,New Zealand
https://bridalresources.com/,DJ 4 You,https://dj4you.co.nz/,https://bridalresources.com/New_Zealand/Waikato/Music/,Waikato,New Zealand
https://bridalresources.com/,Sounzgood DJs,https://djentertainment.co.nz/,https://bridalresources.com/New_Zealand/Waikato/Music/,Waikato,New Zealand
https://bridalresources.com/,David Greer Music,https://davidgreermusic.co.nz/,https://bridalresources.com/New_Zealand/Waikato/Music/,Waikato,New Zealand
https://bridalresources.com/,Jackie Mack Designs,https://bridalresources.com/go/jackie-mack-jewellers,https://bridalresources.com/New_Zealand/Waikato/Jewellers/,Waikato,New Zealand
https://bridalresources.com/,Kailis Australian Pearls,https://bridalresources.com/go/kailis-pearl-pendant,https://bridalresources.com/New_Zealand/Waikato/Jewellers/,Waikato,New Zealand
https://bridalresources.com/,Michael Hill,https://www.michaelhill.co.nz/,https://bridalresources.com/New_Zealand/Waikato/Jewellers/,Waikato,New Zealand
https://bridalresources.com/,Pascoes The Jewellers,https://www.pascoes.co.nz/,https://bridalresources.com/New_Zealand/Waikato/Jewellers/,Waikato,New Zealand
https://bridalresources.com/,Precious Metals Group,https://preciousmetals.co.nz/,https://bridalresources.com/New_Zealand/Waikato/Jewellers/,Waikato,New Zealand
https://bridalresources.com/,Ativa Jewellery,https://www.ativajewellery.com/collections/bridal-collection,https://bridalresources.com/New_Zealand/Waikato/Jewellers/,Waikato,New Zealand
https://bridalresources.com/,Wholesale Silver Jewellery,https://www.silver.co.nz/,https://bridalresources.com/New_Zealand/Waikato/Jewellers/,Waikato,New Zealand
https://bridalresources.com/,How to Care for Pearls,/blog/how-to-care-for-fine-pearls/,https://bridalresources.com/New_Zealand/Waikato/Jewellers/,Waikato,New Zealand
https://bridalresources.com/,TimberWink Studio,https://timberwinkstudio.com/invitations,https://bridalresources.com/New_Zealand/Waikato/Invitations/,Waikato,New Zealand
https://bridalresources.com/,Words for the Wedding,http://www.fishpond.co.nz/product_info.php?ref=3705&id=9780399537042&affiliate_banner_id=1,https://bridalresources.com/New_Zealand/Waikato/Invitations/,Waikato,New Zealand
https://bridalresources.com/,Paper Plus,https://www.paperplus.co.nz/,https://bridalresources.com/New_Zealand/Waikato/Invitations/,Waikato,New Zealand
https://bridalresources.com/,Creative Box,https://www.creativebox.co.nz/,https://bridalresources.com/New_Zealand/Waikato/Invitations/,Waikato,New Zealand
https://bridalresources.com/,Scenic Hotel Group,https://www.scenichotelgroup.co.nz/,https://bridalresources.com/New_Zealand/Waikato/Honeymoon/,Waikato,New Zealand
https://bridalresources.com/,Hilton Lake Taupo,https://www.hilton.com/en/hotels/akllthi-hilton-lake-taupo/,https://bridalresources.com/New_Zealand/Waikato/Honeymoon/,Waikato,New Zealand
https://bridalresources.com/,Albert Court Motor Lodge,https://www.albertcourt.co.nz/,https://bridalresources.com/New_Zealand/Waikato/Honeymoon/,Waikato,New Zealand
https://bridalresources.com/,Oreti Village Resort,https://www.oretivillage.com/weddings/,https://bridalresources.com/New_Zealand/Waikato/Honeymoon/,Waikato,New Zealand
https://bridalresources.com/,Bella Vista Motels,https://www.bellavista.co.nz,https://bridalresources.com/New_Zealand/Waikato/Honeymoon/,Waikato,New Zealand
https://bridalresources.com/,Bachcare Holiday Homes,https://www.bachcare.co.nz/,https://bridalresources.com/New_Zealand/Waikato/Honeymoon/,Waikato,New Zealand
https://bridalresources.com/,The Olde Creamery Cafe | Rose Cottage,https://www.oldecreamery.co.nz/,https://bridalresources.com/New_Zealand/Waikato/Honeymoon/,Waikato,New Zealand
https://bridalresources.com/,Wairakei Resort Taupo,https://www.wairakei.co.nz/,https://bridalresources.com/New_Zealand/Waikato/Honeymoon/,Waikato,New Zealand
https://bridalresources.com/,World Travellers,https://www.worldtravellers.co.nz/,https://bridalresources.com/New_Zealand/Waikato/Honeymoon/,Waikato,New Zealand
https://bridalresources.com/,Whitianga and Mercury Bay NZ,https://www.whitianga.co.nz/,https://bridalresources.com/New_Zealand/Waikato/Honeymoon/,Waikato,New Zealand
https://bridalresources.com/,Skotel Alpine Resort,https://www.skotel.co.nz/,https://bridalresources.com/New_Zealand/Waikato/Honeymoon/,Waikato,New Zealand
https://bridalresources.com/,Woodlyn Park,http://www.woodlynpark.co.nz/,https://bridalresources.com/New_Zealand/Waikato/Honeymoon/,Waikato,New Zealand
https://bridalresources.com/,Vivo,https://www.vivo.co.nz/store-finder/,https://bridalresources.com/New_Zealand/Waikato/Hair_and_Beauty/,Waikato,New Zealand
https://bridalresources.com/,Morph Hair,https://morphhair.co.nz/,https://bridalresources.com/New_Zealand/Waikato/Hair_and_Beauty/,Waikato,New Zealand
https://bridalresources.com/,Exquisite Beauty,https://exquisitebeauty.co.nz/,https://bridalresources.com/New_Zealand/Waikato/Hair_and_Beauty/,Waikato,New Zealand
https://bridalresources.com/,Caci,https://caci.co.nz/pages/book-now,https://bridalresources.com/New_Zealand/Waikato/Hair_and_Beauty/,Waikato,New Zealand
https://bridalresources.com/,Alice & Blair: Bridal Hair Accessories,https://bridalresources.com/go/alice-blair,https://bridalresources.com/New_Zealand/Waikato/Hair_and_Beauty/,Waikato,New Zealand
https://bridalresources.com/,Unique Skin and Body,https://www.uniqueskinandbody.co.nz/,https://bridalresources.com/New_Zealand/Waikato/Hair_and_Beauty/,Waikato,New Zealand
https://bridalresources.com/,Mousey Brown Hair Salon,http://mouseybrown.co.nz/,https://bridalresources.com/New_Zealand/Waikato/Hair_and_Beauty/,Waikato,New Zealand
https://bridalresources.com/,Forme Spa and Wellbeing,https://formespa.co.nz/,https://bridalresources.com/New_Zealand/Waikato/Hair_and_Beauty/,Waikato,New Zealand
https://bridalresources.com/,Belles and Brides,https://bellesandbrides.co.nz/,https://bridalresources.com/New_Zealand/Waikato/Hair_and_Beauty/,Waikato,New Zealand
https://bridalresources.com/,Ivy Florist,https://www.ivyfloristnz.co.nz/,https://bridalresources.com/New_Zealand/Waikato/Florists/,Waikato,New Zealand
https://bridalresources.com/,WILDbella,https://wildbella.co.nz/weddings/,https://bridalresources.com/New_Zealand/Waikato/Florists/,Waikato,New Zealand
https://bridalresources.com/,Expressions Floral Design and Giftware,https://expressionsfloral.co.nz/weddings/,https://bridalresources.com/New_Zealand/Waikato/Florists/,Waikato,New Zealand
https://bridalresources.com/,Amy's Flowers,https://www.amysflowers.co.nz/,https://bridalresources.com/New_Zealand/Waikato/Florists/,Waikato,New Zealand
https://bridalresources.com/,More Than Flowers,https://morethanflowers.co.nz/,https://bridalresources.com/New_Zealand/Waikato/Florists/,Waikato,New Zealand
https://bridalresources.com/,The Flower Patch,https://www.theflowerpatch.co.nz/,https://bridalresources.com/New_Zealand/Waikato/Florists/,Waikato,New Zealand
https://bridalresources.com/,Florist Ilene,https://floristilene.co.nz/weddings/,https://bridalresources.com/New_Zealand/Waikato/Florists/,Waikato,New Zealand
https://bridalresources.com/,Forget Me Not Florist,https://forgetmenot-florist.co.nz/,https://bridalresources.com/New_Zealand/Waikato/Florists/,Waikato,New Zealand
https://bridalresources.com/,Gail's Florist and Floral Studio,https://gails.co.nz/,https://bridalresources.com/New_Zealand/Waikato/Florists/,Waikato,New Zealand
https://bridalresources.com/,The Willow Tree,https://www.thewillowtree.co.nz/,https://bridalresources.com/New_Zealand/Waikato/Decorations/,Waikato,New Zealand
https://bridalresources.com/,Scottish Country Dancing,https://waibopscd.org.nz/,https://bridalresources.com/New_Zealand/Waikato/Dance_Lessons/,Waikato,New Zealand
https://bridalresources.com/,Baptist Churches of New Zealand,https://baptist.nz/our-team/find-a-local-church/,https://bridalresources.com/New_Zealand/Waikato/Celebrants/,Waikato,New Zealand
https://bridalresources.com/,"Anglican Church in Aotearoa, New Zealand and Polynesia",https://www.anglican.org.nz/,https://bridalresources.com/New_Zealand/Waikato/Celebrants/,Waikato,New Zealand
https://bridalresources.com/,Next Chapter Ceremonies,http://nextchapterceremonies.nz/,https://bridalresources.com/New_Zealand/Waikato/Celebrants/,Waikato,New Zealand
https://bridalresources.com/,Churches in New Zealand,https://canz.co.nz/towns/view/Auckland+City/churches,https://bridalresources.com/New_Zealand/Waikato/Celebrants/,Waikato,New Zealand
https://bridalresources.com/,Tanya Breen,http://www.tanyabreencelebrant.co.nz/,https://bridalresources.com/New_Zealand/Waikato/Celebrants/,Waikato,New Zealand
https://bridalresources.com/,"Robyn Riddle, Celebrant",http://www.waikatocelebrant.com/,https://bridalresources.com/New_Zealand/Waikato/Celebrants/,Waikato,New Zealand
https://bridalresources.com/,Lady Jane Joy,https://www.facebook.com/LadyJaneJoy,https://bridalresources.com/New_Zealand/Waikato/Celebrants/,Waikato,New Zealand
https://bridalresources.com/,Janeve R. Green,http://www.volcanicvenues.com/,https://bridalresources.com/New_Zealand/Waikato/Celebrants/,Waikato,New Zealand
https://bridalresources.com/,The Olde Creamery Cafe | Rose Cottage,https://www.oldecreamery.co.nz/,https://bridalresources.com/New_Zealand/Waikato/Venues/page-2.html,Waikato,New Zealand
https://bridalresources.com/,Wairakei Resort Taupo,https://www.wairakei.co.nz/,https://bridalresources.com/New_Zealand/Waikato/Venues/page-2.html,Waikato,New Zealand
https://bridalresources.com/,Aspen Manor Motel,http://www.aspenmanor.co.nz/,https://bridalresources.com/New_Zealand/Waikato/Venues/page-2.html,Waikato,New Zealand
https://bridalresources.com/,Chris Jolly Outdoors,https://chrisjolly.co.nz/,https://bridalresources.com/New_Zealand/Waikato/Venues/page-2.html,Waikato,New Zealand
https://bridalresources.com/,Windy Ridge Wedding and Function Venue,https://www.windyridge.co.nz/,https://bridalresources.com/New_Zealand/Waikato/Venues/page-2.html,Waikato,New Zealand
https://bridalresources.com/,Puka Park Resort,https://www.pukapark.co.nz/,https://bridalresources.com/New_Zealand/Waikato/Venues/page-2.html,Waikato,New Zealand
https://bridalresources.com/,Waihi Golf Club,https://www.waihigolf.co.nz/about/function-venue/,https://bridalresources.com/New_Zealand/Waikato/Venues/page-2.html,Waikato,New Zealand
https://bridalresources.com/,The Olde Creamery Cafe | Rose Cottage,https://www.oldecreamery.co.nz/,https://bridalresources.com/New_Zealand/Waikato/Venues/page-2.html,Waikato,New Zealand
https://bridalresources.com/,Wairakei Resort Taupo,https://www.wairakei.co.nz/,https://bridalresources.com/New_Zealand/Waikato/Venues/page-2.html,Waikato,New Zealand
https://bridalresources.com/,Aspen Manor Motel,http://www.aspenmanor.co.nz/,https://bridalresources.com/New_Zealand/Waikato/Venues/page-2.html,Waikato,New Zealand
https://bridalresources.com/,Chris Jolly Outdoors,https://chrisjolly.co.nz/,https://bridalresources.com/New_Zealand/Waikato/Venues/page-2.html,Waikato,New Zealand
https://bridalresources.com/,Windy Ridge Wedding and Function Venue,https://www.windyridge.co.nz/,https://bridalresources.com/New_Zealand/Waikato/Venues/page-2.html,Waikato,New Zealand
https://bridalresources.com/,Puka Park Resort,https://www.pukapark.co.nz/,https://bridalresources.com/New_Zealand/Waikato/Venues/page-2.html,Waikato,New Zealand
https://bridalresources.com/,Waihi Golf Club,https://www.waihigolf.co.nz/about/function-venue/,https://bridalresources.com/New_Zealand/Waikato/Venues/page-2.html,Waikato,New Zealand
https://bridalresources.com/,Edible Solutions,http://ediblesolutions.co.nz/,https://bridalresources.com/New_Zealand/Waikato/Caterers/,Waikato,New Zealand
https://bridalresources.com/,Kerr & Ladbrook Catering by Design,https://kerrandladbrook.co.nz/,https://bridalresources.com/New_Zealand/Waikato/Caterers/,Waikato,New Zealand
https://bridalresources.com/,Two Tones Catering,https://www.twotones.co.nz/,https://bridalresources.com/New_Zealand/Waikato/Caterers/,Waikato,New Zealand
https://bridalresources.com/,The Caterers,https://thecaterers.co.nz/,https://bridalresources.com/New_Zealand/Waikato/Caterers/,Waikato,New Zealand
https://bridalresources.com/,Calamity Cakes,https://www.calamitycakes.co.nz/,https://bridalresources.com/New_Zealand/Waikato/Cakes/,Waikato,New Zealand
https://bridalresources.com/,Martha Stewart's Wedding Cakes,http://www.fishpond.co.nz/product_info.php?ref=3705&id=9780307394538&affiliate_banner_id=1,https://bridalresources.com/New_Zealand/Waikato/Cakes/,Waikato,New Zealand
https://bridalresources.com/,Sweet Avenue Cakes,https://www.sweetavenuecakes.co.nz/,https://bridalresources.com/New_Zealand/Waikato/Cakes/,Waikato,New Zealand
https://bridalresources.com/,Kootcakes,https://www.kootcakes.nz/,https://bridalresources.com/New_Zealand/Waikato/Cakes/,Waikato,New Zealand
https://bridalresources.com/,Boutique Cakes,http://www.boutiquecakes.co.nz/,https://bridalresources.com/New_Zealand/Waikato/Cakes/,Waikato,New Zealand
https://bridalresources.com/,Cake Box,http://www.cakebox.co.nz/Wedding-Cakes,https://bridalresources.com/New_Zealand/Waikato/Cakes/,Waikato,New Zealand
https://bridalresources.com/,The Cheesecake Shop,https://www.thecheesecakeshop.co.nz/,https://bridalresources.com/New_Zealand/Waikato/Cakes/,Waikato,New Zealand
https://bridalresources.com/,Kennedy Blue Bridesmaid Dresses,https://bridalresources.com/go/kennedy-blue,https://bridalresources.com/New_Zealand/Waikato/Bridal_Shops/,Waikato,New Zealand
https://bridalresources.com/,Kilt,https://www.kiltonline.co.nz/dresses/c1.aspx,https://bridalresources.com/New_Zealand/Waikato/Bridal_Shops/,Waikato,New Zealand
https://bridalresources.com/,The Bridal Outlet,https://www.thebridaloutlet.co.nz/,https://bridalresources.com/New_Zealand/Waikato/Bridal_Shops/,Waikato,New Zealand
https://bridalresources.com/,Robyn Lee Bridal,http://www.robynleebridal.co.nz/,https://bridalresources.com/New_Zealand/Waikato/Bridal_Shops/,Waikato,New Zealand
https://bridalresources.com/,Bridal Gallery,https://www.bridalgallery.co.nz/,https://bridalresources.com/New_Zealand/Waikato/Bridal_Shops/,Waikato,New Zealand
https://bridalresources.com/,Annah Stretton,https://www.annahstretton.co.nz/collections/wedding-dresses,https://bridalresources.com/New_Zealand/Waikato/Bridal_Shops/,Waikato,New Zealand
https://bridalresources.com/,Astra Bridal,https://www.astrabridal.co.nz/,https://bridalresources.com/New_Zealand/Waikato/Bridal_Shops/,Waikato,New Zealand
https://bridalresources.com/,2022 Prom Dresses,/blog/prom-dresses-advice/,https://bridalresources.com/New_Zealand/Waikato/Bridal_Shops/,Waikato,New Zealand
