Firm,URL,Telephone Number,Address Line 1,City,Postal Code,Country
Defence Bank Limited,https://www.financedirectory.net.au/out-9.html,1800 033 139,"Level 5, 31 Queen St",Victoria,3000,Australia
Beyond Bank Australia,https://www.financedirectory.net.au/out-8.html,13 25 85,44 Waymouth Street,South Australia,5000,Australia
Bendigo and Adelaide Bank Limited,https://www.financedirectory.net.au/out-5.html,1300 361 911,The Bendigo Centre,Victoria,3550,Australia
Commonwealth Bank of Australia,https://www.financedirectory.net.au/out-7.html,(61 2) 9378 2000,201 Sussex Street.,New South Wales,2000,Australia
BOQ Specialist Bank Limited,https://www.financedirectory.net.au/out-6.html,1300 131 141,2 Chifley Square,New South Wales,2000,Australia
Bank of Queensland Limited,https://www.financedirectory.net.au/out-4.html,1300 55 72 72,259 Queen St,Queensland,4000,Australia
Auswide Bank Ltd,https://www.financedirectory.net.au/out-3.html,1300 138 831,16–20 Barolin St,Queensland,4670,Australia
ANZ Banking Group Limited,https://www.financedirectory.net.au/out-2.html,13 13 14,10/833 Collins St,Victoria,3000,Australia
Aussie Sunshine,https://www.financedirectory.net.au/out-239.html,393647780,Shop 44 Sunshine Plaza,Victoria,3020,Australia
Brisbane Home Loans,https://www.financedirectory.net.au/out-247.html,1300 730 997,Suite 13/357 Gympie Road,Queensland,4500,Australia
Arab Bank Australia Limited,https://www.financedirectory.net.au/out-25.html,02 9377 8900,"Level 7, 20 Bridge Street",New South Wales,2000,Australia
ING Bank Australia,https://www.financedirectory.net.au/out-30.html,133 464,140 Sussex Street,New South Wales,2000,Australia
Citigroup Pty Limited,https://www.financedirectory.net.au/out-28.html,(02) 8225 1000,2 Park Street,New South Wales,2000,Australia
P&N Bank,https://www.financedirectory.net.au/out-19.html,132577,130 Stirling Street,Western Australia,6000,Australia
BankVic,https://www.financedirectory.net.au/out-18.html,13 63 73,121 Cardigan Street,Victoria,3053,Australia
Police Bank Australia,https://www.financedirectory.net.au/out-17.html,131 728,25 Pelican Street,New South Wales,2010,Australia
National Australia Bank,https://www.financedirectory.net.au/out-16.html,1800 060 172,800 Bourke Street,Victoria,3008,Australia
MyState Bank,https://www.financedirectory.net.au/out-15.html,138 001,144 Collins Street,Tasmania,7000,Australia
ME Bank,https://www.financedirectory.net.au/out-14.html,13 15 63,"Level 28, 360 Elizabeth Street",Victoria,3000,Australia
Macquarie Bank,https://www.financedirectory.net.au/out-13.html,+61 2 8232 3333,50 Martin Place,New South Wales,2000,Australia
BankMecu,https://www.financedirectory.net.au/out-12.html,132 888,222 High Street,Victoria,3101,Australia
Hume Bank,https://www.financedirectory.net.au/out-11.html,1300 004 863,492 Olive Street,New South Wales,2640,Australia
Heritage Bank,https://www.financedirectory.net.au/out-10.html,13 14 22,400 Ruthven St,Queensland,4350,Australia
HSBC Bank Australia Limited,https://www.financedirectory.net.au/out-29.html,1300 308 008,580 George Street,New South Wales,2000,Australia
Bank of Sydney Ltd,https://www.financedirectory.net.au/out-27.html,02 8262 9000,219-223 Castlereagh St,New South Wales,2000,Australia
Bank of China (Australia) Limited,https://www.financedirectory.net.au/out-26.html,02 8235 5888,39-41 York Street,New South Wales,2000,Australia
Westpac Bank,https://www.financedirectory.net.au/out-24.html,132 032,150 Collins St,Victoria,3000,Australia
Victoria Teachers Mutual Bank,https://www.financedirectory.net.au/out-23.html,1300 654 822,117 Camberwell Road,Victoria,3123,Australia
G&C Mutual Bank,https://www.financedirectory.net.au/out-22.html,1300 364 400,201 Elizabeth Street,New South Wales,2000,Australia
QT Mutual Bank,https://www.financedirectory.net.au/out-20.html,132930,454 St Paul's Terrace,Queensland,4006,Australia
Coastline Credit Union Limited,https://www.financedirectory.net.au/out-81.html,1300 36 1066,64 Elbow Street,New South Wales,2440,Australia
Mortgage Loans Australia Pty Ltd,https://www.financedirectory.net.au/out-157.html,07 5493 8622,2 Innovation Parkway,Queensland,4575,Australia
Illawarra Mortgage Brokers,https://www.financedirectory.net.au/out-156.html,02 4283 5626,253 Princes Highway,New South Wales,2518,Australia
Pulse Credit Union Limited,https://www.financedirectory.net.au/out-119.html,(03) 9347 9588,766 Elizabeth Street,Victoria,3000,Australia
Police Credit Union Limited,https://www.financedirectory.net.au/out-118.html,1300 131 844,17 Carrington St,South Australia,5000,Australia
Northern Inland Credit Union Limited,https://www.financedirectory.net.au/out-114.html,1300 65 65 81,481 Peel Street,New South Wales,2340,Australia
CAPE Credit Union Limited,https://www.financedirectory.net.au/out-79.html,1300 330 056,28-32 The Kingsway,New South Wales,2230,Australia
Central West Credit Union Limited,https://www.financedirectory.net.au/out-77.html,(02) 6862 2788,269 Clartinda Street,New South Wales,2870,Australia
Circle Credit Co-operative Limited,https://www.financedirectory.net.au/out-76.html,1300 553 582,6 Tilburn Rd,Victoria,3023,Australia
SJ Financial Services,https://www.financedirectory.net.au/out-60.html,(02) 4965 3100,94 Belford Street,New South Wales,2292,Australia
Provincial Home Loans,https://www.financedirectory.net.au/out-53.html,(02) 6299 5465,42 Barracks Flat Drive,New South Wales,2620,Australia
North Brisbane Home Loans,https://www.financedirectory.net.au/out-51.html,(07) 3889 9719,25 Ferguson Street,Queensland,4035,Australia
Barry Lynam Home Loans and Financial Services,https://www.financedirectory.net.au/out-44.html,748402769,22 Old Shoal Point Rd,Queensland,4750,Australia
Australian Mortgage Options,https://www.financedirectory.net.au/out-50.html,1300 266 266,5 Lime Street,New South Wales,2000,Australia
HSBC,https://www.financedirectory.net.au/out-43.html,+61 2 9006 5888,"Level 32, 580 George Street",New South Wales,2000,Australia
Mortgage Broker Coffs Harbour,https://www.financedirectory.net.au/out-179.html,(02) 6638 9415,,New South Wales,2459,Australia
Citibank Australia,https://www.financedirectory.net.au/out-38.html,132484,455 George Street,New South Wales,2000,Australia
Mildura Finance Ltd,https://www.financedirectory.net.au/out-185.html,03 5051 0400,158-164 Langtree Avenue,Victoria,3500,Australia
Geelong Loans Pty Ltd,https://www.financedirectory.net.au/out-160.html,(03) 5229 8505,36a Slevin Street,Victoria,3219,Australia
Family First Credit Union Limited,https://www.financedirectory.net.au/out-93.html,1300369900,1 Ordnance Ave,New South Wales,2790,Australia
Fire Brigades Employees' Credit Union Limited,https://www.financedirectory.net.au/out-94.html,02 9267 3098,1 Oxford Street,New South Wales,2010,Australia
Select Encompass Credit Union Ltd,https://www.financedirectory.net.au/out-92.html,1300 13 14 20,59 Buckingham Street,New South Wales,2010,Australia
Credit Union SA Ltd,https://www.financedirectory.net.au/out-89.html,1800018227,400 King William Street,South Australia,5000,Australia
Credit Union Australia Ltd,https://www.financedirectory.net.au/out-86.html,(020 9246 2140,83 York St,New South Wales,2000,Australia
Community Mutual Ltd,https://www.financedirectory.net.au/out-85.html,132067,Cnr Rusden & Dangar Streets,New South Wales,2350,Australia
Community First Credit Union Limited,https://www.financedirectory.net.au/out-84.html,(02) 9735 1783,"Shop P003, Podium Level",New South Wales,2200,Australia
Collie Miners Credit Union Ltd,https://www.financedirectory.net.au/out-82.html,,217 Clarence Street,New South Wales,2000,Australia
Berrima District Credit Union,https://www.financedirectory.net.au/out-80.html,(02) 4860 4000,411 Bong Bong Street,New South Wales,2576,Australia
Central Coast Home Loans,https://www.financedirectory.net.au/out-155.html,(02) 4367 2770,1/202 The Entrance Road,New South Wales,2250,Australia
Trilogy Funding,https://www.financedirectory.net.au/out-154.html,1300 657 132,70 Kent Street,Australian Capital Territory,2600,Australia
Sunraysia Home loans,https://www.financedirectory.net.au/out-186.html,(03) 50 222 923,128 Lime Ave,Victoria,3500,Australia
Multi-Choice Home Loans,https://www.financedirectory.net.au/out-184.html,07 4194 2955,3/107 Boat Harbour Dr,Queensland,4655,Australia
Imagine Home Loans,https://www.financedirectory.net.au/out-178.html,0411 692 443,PO Box 138,Queensland,4738,Australia
Astute Financial,https://www.financedirectory.net.au/out-166.html,07 4041 3100,136 Mulgrave Road,Queensland,4870,Australia
The Broken Hill Community Credit Union Ltd,https://www.financedirectory.net.au/out-133.html,(08) 8088 2199,2 Chloride St,New South Wales,2880,Australia
Ocean Home Loans Pty Ltd,https://www.financedirectory.net.au/out-149.html,(07) 5593 1420,21 Port Jackson Blvd,Queensland,4226,Australia
The Perth Mortgage Specialist,https://www.financedirectory.net.au/out-145.html,0405 751 160,1321 Hay Street,Western Australia,6005,Australia
Heritage Isle Credit Union Limited,https://www.financedirectory.net.au/out-103.html,(03) 6334 9411,69 St John Street,Tasmania,7250,Australia
Holiday Coast Credit Union Ltd,https://www.financedirectory.net.au/out-104.html,(02) 6580 8222,1 Commerce Street,New South Wales,2446,Australia
Goulburn Murray Credit Union Co-operative Limited,https://www.financedirectory.net.au/out-102.html,(03) 5821 9033,91-95 Fryers Street,Victoria,3630,Australia
Goldfields Money Limited,https://www.financedirectory.net.au/out-101.html,08 9438 8888,118 Royal Street,Western Australia,6004,Australia
Gateway Credit Union Ltd,https://www.financedirectory.net.au/out-100.html,1300 302 474,2 Market Street,New South Wales,2000,Australia
Ford Co-operative Credit Society Limited,https://www.financedirectory.net.au/out-99.html,1300 361 555,107 Gheringhap Street,Victoria,3220,Australia
First Choice Credit Union Ltd,https://www.financedirectory.net.au/out-97.html,(02) 6362 2944,2/18 Sale Street,New South Wales,2800,Australia
First Option Credit Union Limited,https://www.financedirectory.net.au/out-98.html,1300 855 675,409 St Kilda Road,Victoria,3006,Australia
Firefighters & Affiliates Credit Co-operative Limited,https://www.financedirectory.net.au/out-96.html,1300 366 350,408 Brunswick Street,Victoria,3065,Australia
Fire Service Credit Union Limited,https://www.financedirectory.net.au/out-95.html,08 8227 2222,22 Chancery Lane,South Australia,5000,Australia
South-West Credit Union Co-Operative Limited,https://www.financedirectory.net.au/out-129.html,(03) 5560 3900,117 Lava Street,Victoria,3280,Australia
Service One Credit Union Limited,https://www.financedirectory.net.au/out-125.html,1300 361 761,75 Denison Street,Australian Capital Territory,2600,Australia
Esdale Sinclair & Associates,https://www.financedirectory.net.au/out-176.html,07 4922 7221,184 Musgrave Street,Queensland,4701,Australia
DLV Finance,https://www.financedirectory.net.au/out-175.html,(07) 4922 9233,155 East Street,Queensland,4700,Australia
Smarter Mortgage Solutions,https://www.financedirectory.net.au/out-167.html,740414733,221 Lyons Street,Queensland,4870,Australia
Able Finance,https://www.financedirectory.net.au/out-164.html,(08) 8981 9188,18 Bishop Street,Northern Territory,820,Australia
"Maritime, Mining & Power Credit Union Limited",https://www.financedirectory.net.au/out-112.html,1300 36 2000,217 Clarence Street,New South Wales,2000,Australia
My Credit Union Limited,https://www.financedirectory.net.au/out-113.html,1300 655 116,11-21 Underwood Road,New South Wales,2140,Australia
MacArthur Credit Union Ltd,https://www.financedirectory.net.au/out-110.html,1300 622 278,52 Argyle Street,New South Wales,2570,Australia
Macquarie Credit Union Limited,https://www.financedirectory.net.au/out-111.html,1300 885 480,165 Brisbane Street,New South Wales,2830,Australia
Lysaght Credit Union Ltd,https://www.financedirectory.net.au/out-109.html,(02) 4226 5900,13 Auburn Street,New South Wales,2500,Australia
Intech Credit Union Limited,https://www.financedirectory.net.au/out-107.html,1300 363 007,599 Pacific Hwy,New South Wales,2065,Australia
Laboratories Credit Union Limited,https://www.financedirectory.net.au/out-108.html,(02) 9859 0585,3 Julius Avenue,New South Wales,2113,Australia
Hunter United Employees' Credit Union Limited,https://www.financedirectory.net.au/out-106.html,(02) 4941 3826,130 Lambton Rd,Victoria,2292,Australia
Horizon Credit Union Ltd (Horizon Bank),https://www.financedirectory.net.au/out-105.html,1300 366 565,27 Stewart Street,New South Wales,2500,Australia
Tassie Home Loans Pty Ltd,https://www.financedirectory.net.au/out-159.html,03 6221 5600,108-110 Collins Street,Tasmania,7000,Australia
Railways Credit Union Limited,https://www.financedirectory.net.au/out-124.html,1300 362 216,Brisbane Central Station Concourse,Queensland,4001,Australia
Queensland Police Credit Union,https://www.financedirectory.net.au/out-122.html,+61 7 3008 4444,231 North Quay,Queensland,4000,Australia
Queenslanders Credit Union Limited,https://www.financedirectory.net.au/out-123.html,1800 753 377,127 George Street,Queensland,4000,Australia
Queensland Country Credit Union Limited,https://www.financedirectory.net.au/out-121.html,1800 075 078,333 Ross River Road,Queensland,4814,Australia
Qudos Mutual Ltd,https://www.financedirectory.net.au/out-120.html,1300 747 747,191 O’Riordan St,New South Wales,2020,Australia
Orange Credit Union Limited,https://www.financedirectory.net.au/out-117.html,(02) 6362 4466,288 Summer Street,New South Wales,2800,Australia
Nova Credit Union Limited,https://www.financedirectory.net.au/out-116.html,(02) 4926 1428,3/71 King Street,New South Wales,2300,Australia
Community Alliance Credit Union,https://www.financedirectory.net.au/out-83.html,02 42 521 200,38-40 Young Street,New South Wales,2500,Australia
Aussie,https://www.financedirectory.net.au/out-150.html,07 5524 4571,3/71-73 Wharf Street,New South Wales,2485,Australia
Warwick Credit Union Ltd,https://www.financedirectory.net.au/out-137.html,1300 72 44 33,101 Palmerin Street,Queensland,4370,Australia
The Capricornian Ltd,https://www.financedirectory.net.au/out-134.html,07 4931 4900,"Stockland Rockhampton,Yaamba Road",Queensland,4700,Australia
Transport Mutual Credit Union Limited,https://www.financedirectory.net.au/out-136.html,(02) 8202 8555,KMS Building 8-24 Kippax Street,New South Wales,2010,Australia
Sydney Credit Union Ltd,https://www.financedirectory.net.au/out-132.html,13 61 91,19 Second Avenue,New South Wales,2184,Australia
Summerland Credit Union Limited,https://www.financedirectory.net.au/out-130.html,1300 802 222,101 Molesworth St,New South Wales,2480,Australia
Sutherland Credit Union Ltd,https://www.financedirectory.net.au/out-131.html,1300 784 388,670 Princes Highway,New South Wales,2232,Australia
Southern Cross Credit Union Ltd,https://www.financedirectory.net.au/out-128.html,02 6672 2744,2-4 Commercial Road,New South Wales,2484,Australia
SMBIA,https://www.financedirectory.net.au/out-147.html,1300-668-361,81 The Parade,South Australia,5067,Australia
South West Slopes Credit Union Ltd,https://www.financedirectory.net.au/out-127.html,(02) 6384 1111,89 Boorowa Street,New South Wales,2594,Australia
Zar Mortgage Brokers,https://www.financedirectory.net.au/out-144.html,1800 180 927,825 Zillmere Rd,Queensland,4034,Australia
Core Mortgage Brokers Pty Ltd,https://www.financedirectory.net.au/out-142.html,( 02) 8324 2333,822 Anzac Parade,New South Wales,2035,Australia
Top Mortgages,https://www.financedirectory.net.au/out-146.html,1300 308 225,939 Wanneroo Road,Western Australia,6065,Australia
Funding Options,https://www.financedirectory.net.au/out-148.html,08 8366 0822,21 the Parade,South Australia,5067,Australia
Wyong Shire Credit Union Ltd,,02 4350 5255,"Wyong Shire Credit Union,Anzac Avenue",New South Wales,2259,Australia
Mortgage Choice Limited,https://www.financedirectory.net.au/out-141.html,+61 2 8907 0444,100 Pacific Highway,New South Wales,2060,Australia
Woolworths Employees' Credit Union Limited,https://www.financedirectory.net.au/out-139.html,1300 665 553,1 Woolworths Way,New South Wales,2153,Australia
WAW Credit Union Co-Operative Limited,https://www.financedirectory.net.au/out-138.html,1300 368 555,11 Stanley St,Victoria,3690,Australia
Geelong Financial Group,https://www.financedirectory.net.au/out-161.html,03 5229 2048,259 LaTrobe Terrace,Victoria,3220,Australia
Mortgage Success Pty Ltd,https://www.financedirectory.net.au/out-158.html,(02) 4222 2222,62 Flinders Street,New South Wales,2500,Australia
United Overseas Bank Limited,https://www.financedirectory.net.au/out-63.html,(02) 9221 1924,9/32-36 Martin Pl,New South Wales,2000,Australia
intouch Finance,https://www.financedirectory.net.au/out-172.html,02 6021 1320,2/611 Dean Street,New South Wales,2640,Australia
Ballarat Lending Centre,https://www.financedirectory.net.au/out-168.html,(03) 5333 5980,18 Doveton Street,Victoria,3350,Australia
SBG Accountants & Business Advisors,https://www.financedirectory.net.au/out-189.html,(03) 9629 6744,8 Market Street,Victoria,3000,Australia
Janette Tucker Finance Plus,https://www.financedirectory.net.au/out-183.html,02 6926 6669,19 Tinga Cres,New South Wales,2650,Australia
eChoice Home Loans Pty Ltd,https://www.financedirectory.net.au/out-182.html,1300 302 914,4 Paloma Pl,Victoria,3337,Australia
Yellow Brick Road Finance Pty Ltd,https://www.financedirectory.net.au/out-181.html,03 8640 0611,51 Palmerston Street,Victoria,3337,Australia
Dnister Credit Union,https://www.financedirectory.net.au/out-90.html,1800 353 041,912 Mt. Alexander Road,Victoria,3040,Australia
ING Direct,https://www.financedirectory.net.au/out-46.html,133 464,140 Sussex Street,New South Wales,2000,Australia
Green Light Home Loans,https://www.financedirectory.net.au/out-163.html,07 4723 6612,23 Thuringowa Drive,Queensland,4817,Australia
Agricultural Bank of China Limited,https://www.financedirectory.net.au/out-32.html,(02) 8227 8888,2 Chifley Square,New South Wales,2000,Australia
AMP Bank Ltd,https://www.financedirectory.net.au/out-1.html,1300 157 820,"Level 4, 2-12 Macquarie St",New South Wales,2000,Australia
Rural Bank,https://www.financedirectory.net.au/out-21.html,1300 660 115,77 Grenfell Street,South Australia,5000,Australia
EECU Limited,https://www.financedirectory.net.au/out-91.html,1300 65 3328,"12 Riverside Quay, Southbank Vic",Victoria,3006,Australia
Mortgage Broker Melbourne,https://www.financedirectory.net.au/out-143.html,1800 111 626,9/440 Collins Street,Victoria,3000,Australia
Proactive Accountant,https://www.financedirectory.net.au/out-197.html,(03) 9761 0035,254 Dorset Road,Victoria,3155,Australia
Rabobank Australia Limited,https://www.financedirectory.net.au/out-31.html,(02) 8115 4000,201 Sussex Street,New South Wales,2000,Australia
Easy Plan Financial Services,https://www.financedirectory.net.au/out-54.html,1800 888 845,39 Montague Street,New South Wales,2500,Australia
